LHA,cases_per_100k,Date
Fernie,3.9,2021-05-25
Cranbrook,0,2021-05-25
Kimberley,1.4,2021-05-25
Windermere,0,2021-05-25
Creston,2.1,2021-05-25
Golden,1.8,2021-05-25
Kootenay Lake,0,2021-05-25
Nelson,0.5,2021-05-25
Castlegar,0,2021-05-25
Arrow Lakes,0,2021-05-25
Trail,0.6,2021-05-25
Grand Forks,1.4,2021-05-25
Kettle Valley,0,2021-05-25
Southern Okanagan,9.1,2021-05-25
Penticton,3.1,2021-05-25
Keremeos,2.5,2021-05-25
Princeton,2.3,2021-05-25
Armstrong/Spallumcheen,5,2021-05-25
Vernon,3.2,2021-05-25
Central Okanagan,13.2,2021-05-25
Summerland,6.4,2021-05-25
Enderby,1.7,2021-05-25
Revelstoke,0,2021-05-25
Salmon Arm,2.3,2021-05-25
Kamloops,1.9,2021-05-25
100 Mile House,0,2021-05-25
North Thompson,3.3,2021-05-25
Cariboo/Chilcotin,2.7,2021-05-25
Lillooet,0,2021-05-25
South Cariboo,0,2021-05-25
Merritt,2.1,2021-05-25
Hope,9.5,2021-05-25
Chilliwack,9.6,2021-05-25
Abbotsford,19.3,2021-05-25
Mission,9.7,2021-05-25
Agassiz/Harrison,3.9,2021-05-25
New Westminster,7,2021-05-25
Burnaby,8.8,2021-05-25
Maple Ridge/Pitt Meadows,6.4,2021-05-25
Tri-Cities,7.9,2021-05-25
Langley,7.9,2021-05-25
Delta,12.1,2021-05-25
Surrey,17.3,2021-05-25
South Surrey/White Rock,3.6,2021-05-25
Richmond,3,2021-05-25
Vancouver - City Centre,7.1,2021-05-25
Vancouver - Centre North,9.6,2021-05-25
Vancouver - Northeast,9.8,2021-05-25
Vancouver - Westside,1.6,2021-05-25
Vancouver - Midtown,8.2,2021-05-25
Vancouver - South,10.5,2021-05-25
North Vancouver,4.1,2021-05-25
West Vancouver/Bowen Island,0.5,2021-05-25
Sunshine Coast,3.9,2021-05-25
Powell River,0.7,2021-05-25
Howe Sound,1,2021-05-25
Bella Coola Valley,4.4,2021-05-25
Central Coast,0,2021-05-25
Greater Victoria,0.6,2021-05-25
Western Communities,0.9,2021-05-25
Saanich Peninsula,0.2,2021-05-25
Southern Gulf Islands,0,2021-05-25
Cowichan Valley South,0.6,2021-05-25
Cowichan Valley West,0,2021-05-25
Cowichan Valley North,0,2021-05-25
Greater Nanaimo,3,2021-05-25
Oceanside,1.4,2021-05-25
Alberni/Clayoquot,0,2021-05-25
Comox Valley,2.9,2021-05-25
Greater Campbell River,0.6,2021-05-25
Vancouver Island West,0,2021-05-25
Vancouver Island North,0,2021-05-25
Haida Gwaii,0,2021-05-25
Prince Rupert,0,2021-05-25
Upper Skeena,6.6,2021-05-25
Smithers,6.9,2021-05-25
Kitimat,0,2021-05-25
Terrace,2,2021-05-25
Nisga'a,0,2021-05-25
Quesnel,3.5,2021-05-25
Burns Lake,0,2021-05-25
Nechako,5,2021-05-25
Prince George,4.7,2021-05-25
Peace River South,6.8,2021-05-25
Peace River North,21.7,2021-05-25
Fort Nelson,35.1,2021-05-25
Snow Country - Stikine - Telegraph Creek,0,2021-05-25
Fernie,3,2021-05-28
Cranbrook,3,2021-05-28
Kimberley,1,2021-05-28
Windermere,1,2021-05-28
Creston,1,2021-05-28
Golden,5,2021-05-28
Kootenay Lake,0,2021-05-28
Nelson,1,2021-05-28
Castlegar,0,2021-05-28
Arrow Lakes,0,2021-05-28
Trail,0,2021-05-28
Grand Forks,0,2021-05-28
Kettle Valley,0,2021-05-28
Southern Okanagan,5,2021-05-28
Penticton,3,2021-05-28
Keremeos,2,2021-05-28
Princeton,0,2021-05-28
Armstrong/Spallumcheen,6,2021-05-28
Vernon,7,2021-05-28
Central Okanagan,12,2021-05-28
Summerland,6,2021-05-28
Enderby,3,2021-05-28
Revelstoke,1,2021-05-28
Salmon Arm,2,2021-05-28
Kamloops,2,2021-05-28
100 Mile House,0,2021-05-28
North Thompson,3,2021-05-28
Cariboo/Chilcotin,2,2021-05-28
Lillooet,0,2021-05-28
South Cariboo,0,2021-05-28
Merritt,5,2021-05-28
Hope,5,2021-05-28
Chilliwack,7,2021-05-28
Abbotsford,13,2021-05-28
Mission,9,2021-05-28
Agassiz/Harrison,0,2021-05-28
New Westminster,6,2021-05-28
Burnaby,7,2021-05-28
Maple Ridge/Pitt Meadows,6,2021-05-28
Tri-Cities,6,2021-05-28
Langley,6,2021-05-28
Delta,9,2021-05-28
Surrey,14,2021-05-28
South Surrey/White Rock,2,2021-05-28
Richmond,3,2021-05-28
Vancouver - City Centre,7,2021-05-28
Vancouver - Centre North,11,2021-05-28
Vancouver - Northeast,9,2021-05-28
Vancouver - Westside,1,2021-05-28
Vancouver - Midtown,8,2021-05-28
Vancouver - South,8,2021-05-28
North Vancouver,6,2021-05-28
West Vancouver/Bowen Island,2,2021-05-28
Sunshine Coast,3,2021-05-28
Powell River,0,2021-05-28
Howe Sound,1,2021-05-28
Bella Coola Valley,4,2021-05-28
Central Coast,0,2021-05-28
Greater Victoria,1,2021-05-28
Western Communities,1,2021-05-28
Saanich Peninsula,0,2021-05-28
Southern Gulf Islands,1,2021-05-28
Cowichan Valley South,0,2021-05-28
Cowichan Valley West,0,2021-05-28
Cowichan Valley North,0,2021-05-28
Greater Nanaimo,2,2021-05-28
Oceanside,1,2021-05-28
Alberni/Clayoquot,0,2021-05-28
Comox Valley,2,2021-05-28
Greater Campbell River,0,2021-05-28
Vancouver Island West,0,2021-05-28
Vancouver Island North,0,2021-05-28
Haida Gwaii,0,2021-05-28
Prince Rupert,0,2021-05-28
Upper Skeena,7,2021-05-28
Smithers,2,2021-05-28
Kitimat,0,2021-05-28
Terrace,1,2021-05-28
Nisga'a,0,2021-05-28
Quesnel,2,2021-05-28
Burns Lake,0,2021-05-28
Nechako,5,2021-05-28
Prince George,2,2021-05-28
Peace River South,6,2021-05-28
Peace River North,15,2021-05-28
Fort Nelson,32,2021-05-28
Snow Country - Stikine - Telegraph Creek,0,2021-05-28
Fernie,3,2021-06-12
Cranbrook,12,2021-06-12
Kimberley,1,2021-06-12
Windermere,8,2021-06-12
Creston,7,2021-06-12
Golden,0,2021-06-12
Kootenay Lake,4,2021-06-12
Nelson,1,2021-06-12
Castlegar,0,2021-06-12
Arrow Lakes,0,2021-06-12
Trail,0,2021-06-12
Grand Forks,13,2021-06-12
Kettle Valley,0,2021-06-12
Southern Okanagan,5,2021-06-12
Penticton,1,2021-06-12
Keremeos,0,2021-06-12
Princeton,0,2021-06-12
Armstrong/Spallumcheen,3,2021-06-12
Vernon,8,2021-06-12
Central Okanagan,8,2021-06-12
Summerland,1,2021-06-12
Enderby,0,2021-06-12
Revelstoke,1,2021-06-12
Salmon Arm,0,2021-06-12
Kamloops,1,2021-06-12
100 Mile House,0,2021-06-12
North Thompson,0,2021-06-12
Cariboo/Chilcotin,0,2021-06-12
Lillooet,0,2021-06-12
South Cariboo,0,2021-06-12
Merritt,3,2021-06-12
Hope,0,2021-06-12
Chilliwack,3,2021-06-12
Abbotsford,7,2021-06-12
Mission,1,2021-06-12
Agassiz/Harrison,8,2021-06-12
New Westminster,4,2021-06-12
Burnaby,3,2021-06-12
Maple Ridge/Pitt Meadows,6,2021-06-12
Tri-Cities,4,2021-06-12
Langley,3,2021-06-12
Delta,4,2021-06-12
Surrey,6,2021-06-12
South Surrey/White Rock,1,2021-06-12
Richmond,2,2021-06-12
Vancouver - City Centre,3,2021-06-12
Vancouver - Centre North,3,2021-06-12
Vancouver - Northeast,4,2021-06-12
Vancouver - Westside,1,2021-06-12
Vancouver - Midtown,3,2021-06-12
Vancouver - South,2,2021-06-12
North Vancouver,2,2021-06-12
West Vancouver/Bowen Island,1,2021-06-12
Sunshine Coast,0,2021-06-12
Powell River,0,2021-06-12
Howe Sound,1,2021-06-12
Bella Coola Valley,5,2021-06-12
Central Coast,0,2021-06-12
Greater Victoria,1,2021-06-12
Western Communities,0,2021-06-12
Saanich Peninsula,2,2021-06-12
Southern Gulf Islands,0,2021-06-12
Cowichan Valley South,0,2021-06-12
Cowichan Valley West,2,2021-06-12
Cowichan Valley North,0,2021-06-12
Greater Nanaimo,1,2021-06-12
Oceanside,1,2021-06-12
Alberni/Clayoquot,0,2021-06-12
Comox Valley,1,2021-06-12
Greater Campbell River,1,2021-06-12
Vancouver Island West,0,2021-06-12
Vancouver Island North,0,2021-06-12
Haida Gwaii,0,2021-06-12
Prince Rupert,2,2021-06-12
Upper Skeena,7,2021-06-12
Smithers,0,2021-06-12
Kitimat,0,2021-06-12
Terrace,0,2021-06-12
Nisga'a,0,2021-06-12
Quesnel,1,2021-06-12
Burns Lake,2,2021-06-12
Nechako,3,2021-06-12
Prince George,2,2021-06-12
Peace River South,3,2021-06-12
Peace River North,6,2021-06-12
Fort Nelson,4,2021-06-12
Snow Country - Stikine - Telegraph Creek,0,2021-06-12
Fernie,5,2021-06-22
Cranbrook,7,2021-06-22
Kimberley,8,2021-06-22
Windermere,26,2021-06-22
Creston,0,2021-06-22
Golden,0,2021-06-22
Kootenay Lake,15,2021-06-22
Nelson,1,2021-06-22
Castlegar,0,2021-06-22
Arrow Lakes,0,2021-06-22
Trail,0,2021-06-22
Grand Forks,1,2021-06-22
Kettle Valley,0,2021-06-22
Southern Okanagan,0,2021-06-22
Penticton,0,2021-06-22
Keremeos,0,2021-06-22
Princeton,0,2021-06-22
Armstrong/Spallumcheen,0,2021-06-22
Vernon,8,2021-06-22
Central Okanagan,4,2021-06-22
Summerland,0,2021-06-22
Enderby,0,2021-06-22
Revelstoke,0,2021-06-22
Salmon Arm,0,2021-06-22
Kamloops,2,2021-06-22
100 Mile House,0,2021-06-22
North Thompson,0,2021-06-22
Cariboo/Chilcotin,0,2021-06-22
Lillooet,0,2021-06-22
South Cariboo,20,2021-06-22
Merritt,5,2021-06-22
Hope,0,2021-06-22
Chilliwack,4,2021-06-22
Abbotsford,5,2021-06-22
Mission,1,2021-06-22
Agassiz/Harrison,5,2021-06-22
New Westminster,3,2021-06-22
Burnaby,2,2021-06-22
Maple Ridge/Pitt Meadows,5,2021-06-22
Tri-Cities,1,2021-06-22
Langley,2,2021-06-22
Delta,3,2021-06-22
Surrey,4,2021-06-22
South Surrey/White Rock,0,2021-06-22
Richmond,2,2021-06-22
Vancouver - City Centre,1,2021-06-22
Vancouver - Centre North,5,2021-06-22
Vancouver - Northeast,3,2021-06-22
Vancouver - Westside,1,2021-06-22
Vancouver - Midtown,2,2021-06-22
Vancouver - South,1,2021-06-22
North Vancouver,1,2021-06-22
West Vancouver/Bowen Island,2,2021-06-22
Sunshine Coast,0,2021-06-22
Powell River,1,2021-06-22
Howe Sound,0,2021-06-22
Bella Coola Valley,0,2021-06-22
Central Coast,0,2021-06-22
Greater Victoria,1,2021-06-22
Western Communities,0,2021-06-22
Saanich Peninsula,1,2021-06-22
Southern Gulf Islands,0,2021-06-22
Cowichan Valley South,0,2021-06-22
Cowichan Valley West,0,2021-06-22
Cowichan Valley North,0,2021-06-22
Greater Nanaimo,0,2021-06-22
Oceanside,0,2021-06-22
Alberni/Clayoquot,0,2021-06-22
Comox Valley,1,2021-06-22
Greater Campbell River,0,2021-06-22
Vancouver Island West,0,2021-06-22
Vancouver Island North,0,2021-06-22
Haida Gwaii,0,2021-06-22
Prince Rupert,0,2021-06-22
Upper Skeena,0,2021-06-22
Smithers,0,2021-06-22
Kitimat,0,2021-06-22
Terrace,0,2021-06-22
Nisga'a,0,2021-06-22
Quesnel,0,2021-06-22
Burns Lake,0,2021-06-22
Nechako,0,2021-06-22
Prince George,2,2021-06-22
Peace River South,5,2021-06-22
Peace River North,4,2021-06-22
Fort Nelson,0,2021-06-22
Snow Country - Stikine - Telegraph Creek,0,2021-06-22
Fernie,4,2021-07-05
Cranbrook,1,2021-07-05
Kimberley,0,2021-07-05
Windermere,5,2021-07-05
Creston,0,2021-07-05
Golden,0,2021-07-05
Kootenay Lake,0,2021-07-05
Nelson,0,2021-07-05
Castlegar,0,2021-07-05
Arrow Lakes,0,2021-07-05
Trail,0,2021-07-05
Grand Forks,14,2021-07-05
Kettle Valley,0,2021-07-05
Southern Okanagan,0,2021-07-05
Penticton,2,2021-07-05
Keremeos,0,2021-07-05
Princeton,0,2021-07-05
Armstrong/Spallumcheen,1,2021-07-05
Vernon,2,2021-07-05
Central Okanagan,2,2021-07-05
Summerland,0,2021-07-05
Enderby,3,2021-07-05
Revelstoke,0,2021-07-05
Salmon Arm,0,2021-07-05
Kamloops,1,2021-07-05
100 Mile House,1,2021-07-05
North Thompson,0,2021-07-05
Cariboo/Chilcotin,2,2021-07-05
Lillooet,0,2021-07-05
South Cariboo,6,2021-07-05
Merritt,1,2021-07-05
Hope,5,2021-07-05
Chilliwack,1,2021-07-05
Abbotsford,1,2021-07-05
Mission,0,2021-07-05
Agassiz/Harrison,1,2021-07-05
New Westminster,2,2021-07-05
Burnaby,1,2021-07-05
Maple Ridge/Pitt Meadows,2,2021-07-05
Tri-Cities,1,2021-07-05
Langley,0,2021-07-05
Delta,1,2021-07-05
Surrey,1,2021-07-05
South Surrey/White Rock,0,2021-07-05
Richmond,1,2021-07-05
Vancouver - City Centre,1,2021-07-05
Vancouver - Centre North,1,2021-07-05
Vancouver - Northeast,0,2021-07-05
Vancouver - Westside,1,2021-07-05
Vancouver - Midtown,1,2021-07-05
Vancouver - South,1,2021-07-05
North Vancouver,1,2021-07-05
West Vancouver/Bowen Island,1,2021-07-05
Sunshine Coast,0,2021-07-05
Powell River,0,2021-07-05
Howe Sound,0,2021-07-05
Bella Coola Valley,0,2021-07-05
Central Coast,0,2021-07-05
Greater Victoria,0,2021-07-05
Western Communities,0,2021-07-05
Saanich Peninsula,0,2021-07-05
Southern Gulf Islands,0,2021-07-05
Cowichan Valley South,0,2021-07-05
Cowichan Valley West,0,2021-07-05
Cowichan Valley North,1,2021-07-05
Greater Nanaimo,0,2021-07-05
Oceanside,0,2021-07-05
Alberni/Clayoquot,0,2021-07-05
Comox Valley,0,2021-07-05
Greater Campbell River,0,2021-07-05
Vancouver Island West,0,2021-07-05
Vancouver Island North,0,2021-07-05
Haida Gwaii,0,2021-07-05
Prince Rupert,0,2021-07-05
Upper Skeena,0,2021-07-05
Smithers,0,2021-07-05
Kitimat,0,2021-07-05
Terrace,0,2021-07-05
Nisga'a,0,2021-07-05
Quesnel,0,2021-07-05
Burns Lake,0,2021-07-05
Nechako,1,2021-07-05
Prince George,0,2021-07-05
Peace River South,1,2021-07-05
Peace River North,0,2021-07-05
Fort Nelson,0,2021-07-05
Snow Country - Stikine - Telegraph Creek,0,2021-07-05
Fernie,0,2021-07-09
Cranbrook,2,2021-07-09
Kimberley,1,2021-07-09
Windermere,1,2021-07-09
Creston,0,2021-07-09
Golden,0,2021-07-09
Kootenay Lake,0,2021-07-09
Nelson,2,2021-07-09
Castlegar,1,2021-07-09
Arrow Lakes,3,2021-07-09
Trail,1,2021-07-09
Grand Forks,26,2021-07-09
Kettle Valley,0,2021-07-09
Southern Okanagan,0,2021-07-09
Penticton,0,2021-07-09
Keremeos,0,2021-07-09
Princeton,0,2021-07-09
Armstrong/Spallumcheen,1,2021-07-09
Vernon,2,2021-07-09
Central Okanagan,3,2021-07-09
Summerland,1,2021-07-09
Enderby,9,2021-07-09
Revelstoke,0,2021-07-09
Salmon Arm,0,2021-07-09
Kamloops,1,2021-07-09
100 Mile House,0,2021-07-09
North Thompson,0,2021-07-09
Cariboo/Chilcotin,1,2021-07-09
Lillooet,0,2021-07-09
South Cariboo,0,2021-07-09
Merritt,0,2021-07-09
Hope,6,2021-07-09
Chilliwack,1,2021-07-09
Abbotsford,1,2021-07-09
Mission,1,2021-07-09
Agassiz/Harrison,0,2021-07-09
New Westminster,2,2021-07-09
Burnaby,1,2021-07-09
Maple Ridge/Pitt Meadows,1,2021-07-09
Tri-Cities,0,2021-07-09
Langley,1,2021-07-09
Delta,1,2021-07-09
Surrey,1,2021-07-09
South Surrey/White Rock,1,2021-07-09
Richmond,1,2021-07-09
Vancouver - City Centre,1,2021-07-09
Vancouver - Centre North,1,2021-07-09
Vancouver - Northeast,0,2021-07-09
Vancouver - Westside,1,2021-07-09
Vancouver - Midtown,1,2021-07-09
Vancouver - South,0,2021-07-09
North Vancouver,1,2021-07-09
West Vancouver/Bowen Island,1,2021-07-09
Sunshine Coast,0,2021-07-09
Powell River,0,2021-07-09
Howe Sound,0,2021-07-09
Bella Coola Valley,0,2021-07-09
Central Coast,0,2021-07-09
Greater Victoria,0,2021-07-09
Western Communities,0,2021-07-09
Saanich Peninsula,0,2021-07-09
Southern Gulf Islands,0,2021-07-09
Cowichan Valley South,0,2021-07-09
Cowichan Valley West,0,2021-07-09
Cowichan Valley North,0,2021-07-09
Greater Nanaimo,1,2021-07-09
Oceanside,0,2021-07-09
Alberni/Clayoquot,0,2021-07-09
Comox Valley,0,2021-07-09
Greater Campbell River,0,2021-07-09
Vancouver Island West,0,2021-07-09
Vancouver Island North,0,2021-07-09
Haida Gwaii,0,2021-07-09
Prince Rupert,0,2021-07-09
Upper Skeena,0,2021-07-09
Smithers,0,2021-07-09
Kitimat,0,2021-07-09
Terrace,0,2021-07-09
Nisga'a,0,2021-07-09
Quesnel,0,2021-07-09
Burns Lake,0,2021-07-09
Nechako,0,2021-07-09
Prince George,0,2021-07-09
Peace River South,2,2021-07-09
Peace River North,1,2021-07-09
Fort Nelson,0,2021-07-09
Snow Country - Stikine - Telegraph Creek,0,2021-07-09
Fernie,0,2021-07-13
Cranbrook,2,2021-07-13
Kimberley,0,2021-07-13
Windermere,0,2021-07-13
Creston,0,2021-07-13
Golden,4,2021-07-13
Kootenay Lake,0,2021-07-13
Nelson,2,2021-07-13
Castlegar,4,2021-07-13
Arrow Lakes,0,2021-07-13
Trail,2,2021-07-13
Grand Forks,29,2021-07-13
Kettle Valley,0,2021-07-13
Southern Okanagan,1,2021-07-13
Penticton,0,2021-07-13
Keremeos,0,2021-07-13
Princeton,0,2021-07-13
Armstrong/Spallumcheen,1,2021-07-13
Vernon,2,2021-07-13
Central Okanagan,3,2021-07-13
Summerland,1,2021-07-13
Enderby,7,2021-07-13
Revelstoke,0,2021-07-13
Salmon Arm,0,2021-07-13
Kamloops,0,2021-07-13
100 Mile House,0,2021-07-13
North Thompson,0,2021-07-13
Cariboo/Chilcotin,1,2021-07-13
Lillooet,0,2021-07-13
South Cariboo,0,2021-07-13
Merritt,0,2021-07-13
Hope,0,2021-07-13
Chilliwack,1,2021-07-13
Abbotsford,2,2021-07-13
Mission,3,2021-07-13
Agassiz/Harrison,0,2021-07-13
New Westminster,1,2021-07-13
Burnaby,1,2021-07-13
Maple Ridge/Pitt Meadows,0,2021-07-13
Tri-Cities,0,2021-07-13
Langley,1,2021-07-13
Delta,1,2021-07-13
Surrey,1,2021-07-13
South Surrey/White Rock,1,2021-07-13
Richmond,1,2021-07-13
Vancouver - City Centre,2,2021-07-13
Vancouver - Centre North,2,2021-07-13
Vancouver - Northeast,0,2021-07-13
Vancouver - Westside,1,2021-07-13
Vancouver - Midtown,1,2021-07-13
Vancouver - South,0,2021-07-13
North Vancouver,1,2021-07-13
West Vancouver/Bowen Island,1,2021-07-13
Sunshine Coast,0,2021-07-13
Powell River,0,2021-07-13
Howe Sound,0,2021-07-13
Bella Coola Valley,0,2021-07-13
Central Coast,0,2021-07-13
Greater Victoria,1,2021-07-13
Western Communities,0,2021-07-13
Saanich Peninsula,0,2021-07-13
Southern Gulf Islands,0,2021-07-13
Cowichan Valley South,0,2021-07-13
Cowichan Valley West,0,2021-07-13
Cowichan Valley North,0,2021-07-13
Greater Nanaimo,1,2021-07-13
Oceanside,0,2021-07-13
Alberni/Clayoquot,0,2021-07-13
Comox Valley,0,2021-07-13
Greater Campbell River,1,2021-07-13
Vancouver Island West,0,2021-07-13
Vancouver Island North,0,2021-07-13
Haida Gwaii,0,2021-07-13
Prince Rupert,0,2021-07-13
Upper Skeena,0,2021-07-13
Smithers,0,2021-07-13
Kitimat,0,2021-07-13
Terrace,0,2021-07-13
Nisga'a,0,2021-07-13
Quesnel,0,2021-07-13
Burns Lake,0,2021-07-13
Nechako,1,2021-07-13
Prince George,0,2021-07-13
Peace River South,1,2021-07-13
Peace River North,0,2021-07-13
Fort Nelson,0,2021-07-13
Snow Country - Stikine - Telegraph Creek,0,2021-07-13
Fernie,0,2021-07-16
Cranbrook,1,2021-07-16
Kimberley,0,2021-07-16
Windermere,0,2021-07-16
Creston,0,2021-07-16
Golden,4,2021-07-16
Kootenay Lake,0,2021-07-16
Nelson,2,2021-07-16
Castlegar,5,2021-07-16
Arrow Lakes,0,2021-07-16
Trail,3,2021-07-16
Grand Forks,20,2021-07-16
Kettle Valley,0,2021-07-16
Southern Okanagan,1,2021-07-16
Penticton,0,2021-07-16
Keremeos,0,2021-07-16
Princeton,0,2021-07-16
Armstrong/Spallumcheen,3,2021-07-16
Vernon,2,2021-07-16
Central Okanagan,3,2021-07-16
Summerland,2,2021-07-16
Enderby,3,2021-07-16
Revelstoke,0,2021-07-16
Salmon Arm,1,2021-07-16
Kamloops,1,2021-07-16
100 Mile House,1,2021-07-16
North Thompson,0,2021-07-16
Cariboo/Chilcotin,0,2021-07-16
Lillooet,0,2021-07-16
South Cariboo,0,2021-07-16
Merritt,0,2021-07-16
Hope,0,2021-07-16
Chilliwack,1,2021-07-16
Abbotsford,1,2021-07-16
Mission,3,2021-07-16
Agassiz/Harrison,0,2021-07-16
New Westminster,1,2021-07-16
Burnaby,1,2021-07-16
Maple Ridge/Pitt Meadows,1,2021-07-16
Tri-Cities,1,2021-07-16
Langley,1,2021-07-16
Delta,0,2021-07-16
Surrey,0,2021-07-16
South Surrey/White Rock,1,2021-07-16
Richmond,1,2021-07-16
Vancouver - City Centre,2,2021-07-16
Vancouver - Centre North,1,2021-07-16
Vancouver - Northeast,0,2021-07-16
Vancouver - Westside,1,2021-07-16
Vancouver - Midtown,1,2021-07-16
Vancouver - South,0,2021-07-16
North Vancouver,1,2021-07-16
West Vancouver/Bowen Island,1,2021-07-16
Sunshine Coast,0,2021-07-16
Powell River,0,2021-07-16
Howe Sound,0,2021-07-16
Bella Coola Valley,0,2021-07-16
Central Coast,0,2021-07-16
Greater Victoria,1,2021-07-16
Western Communities,0,2021-07-16
Saanich Peninsula,0,2021-07-16
Southern Gulf Islands,0,2021-07-16
Cowichan Valley South,0,2021-07-16
Cowichan Valley West,0,2021-07-16
Cowichan Valley North,0,2021-07-16
Greater Nanaimo,0,2021-07-16
Oceanside,0,2021-07-16
Alberni/Clayoquot,0,2021-07-16
Comox Valley,0,2021-07-16
Greater Campbell River,1,2021-07-16
Vancouver Island West,0,2021-07-16
Vancouver Island North,0,2021-07-16
Haida Gwaii,0,2021-07-16
Prince Rupert,0,2021-07-16
Upper Skeena,3,2021-07-16
Smithers,0,2021-07-16
Kitimat,0,2021-07-16
Terrace,0,2021-07-16
Nisga'a,0,2021-07-16
Quesnel,0,2021-07-16
Burns Lake,0,2021-07-16
Nechako,1,2021-07-16
Prince George,0,2021-07-16
Peace River South,1,2021-07-16
Peace River North,0,2021-07-16
Fort Nelson,0,2021-07-16
Snow Country - Stikine - Telegraph Creek,0,2021-07-16
Fernie,1,2021-07-20
Cranbrook,2,2021-07-20
Kimberley,0,2021-07-20
Windermere,0,2021-07-20
Creston,0,2021-07-20
Golden,2,2021-07-20
Kootenay Lake,8,2021-07-20
Nelson,7,2021-07-20
Castlegar,18,2021-07-20
Arrow Lakes,0,2021-07-20
Trail,3,2021-07-20
Grand Forks,4,2021-07-20
Kettle Valley,8,2021-07-20
Southern Okanagan,1,2021-07-20
Penticton,0,2021-07-20
Keremeos,0,2021-07-20
Princeton,0,2021-07-20
Armstrong/Spallumcheen,3,2021-07-20
Vernon,2,2021-07-20
Central Okanagan,3,2021-07-20
Summerland,11,2021-07-20
Enderby,0,2021-07-20
Revelstoke,0,2021-07-20
Salmon Arm,1,2021-07-20
Kamloops,2,2021-07-20
100 Mile House,1,2021-07-20
North Thompson,0,2021-07-20
Cariboo/Chilcotin,0,2021-07-20
Lillooet,0,2021-07-20
South Cariboo,0,2021-07-20
Merritt,0,2021-07-20
Hope,2,2021-07-20
Chilliwack,1,2021-07-20
Abbotsford,0,2021-07-20
Mission,0,2021-07-20
Agassiz/Harrison,3,2021-07-20
New Westminster,0,2021-07-20
Burnaby,1,2021-07-20
Maple Ridge/Pitt Meadows,1,2021-07-20
Tri-Cities,1,2021-07-20
Langley,2,2021-07-20
Delta,0,2021-07-20
Surrey,1,2021-07-20
South Surrey/White Rock,1,2021-07-20
Richmond,1,2021-07-20
Vancouver - City Centre,1,2021-07-20
Vancouver - Centre North,2,2021-07-20
Vancouver - Northeast,1,2021-07-20
Vancouver - Westside,0,2021-07-20
Vancouver - Midtown,1,2021-07-20
Vancouver - South,0,2021-07-20
North Vancouver,1,2021-07-20
West Vancouver/Bowen Island,1,2021-07-20
Sunshine Coast,0,2021-07-20
Powell River,0,2021-07-20
Howe Sound,0,2021-07-20
Bella Coola Valley,0,2021-07-20
Central Coast,0,2021-07-20
Greater Victoria,0,2021-07-20
Western Communities,0,2021-07-20
Saanich Peninsula,0,2021-07-20
Southern Gulf Islands,0,2021-07-20
Cowichan Valley South,0,2021-07-20
Cowichan Valley West,0,2021-07-20
Cowichan Valley North,0,2021-07-20
Greater Nanaimo,0,2021-07-20
Oceanside,0,2021-07-20
Alberni/Clayoquot,0,2021-07-20
Comox Valley,0,2021-07-20
Greater Campbell River,0,2021-07-20
Vancouver Island West,0,2021-07-20
Vancouver Island North,1,2021-07-20
Haida Gwaii,0,2021-07-20
Prince Rupert,0,2021-07-20
Upper Skeena,3,2021-07-20
Smithers,0,2021-07-20
Kitimat,0,2021-07-20
Terrace,0,2021-07-20
Nisga'a,0,2021-07-20
Quesnel,0,2021-07-20
Burns Lake,2,2021-07-20
Nechako,0,2021-07-20
Prince George,1,2021-07-20
Peace River South,1,2021-07-20
Peace River North,0,2021-07-20
Fort Nelson,0,2021-07-20
Snow Country - Stikine - Telegraph Creek,0,2021-07-20
Fernie,1,2021-07-23
Cranbrook,2,2021-07-23
Kimberley,1,2021-07-23
Windermere,0,2021-07-23
Creston,0,2021-07-23
Golden,2,2021-07-23
Kootenay Lake,19,2021-07-23
Nelson,10,2021-07-23
Castlegar,29,2021-07-23
Arrow Lakes,0,2021-07-23
Trail,3,2021-07-23
Grand Forks,4,2021-07-23
Kettle Valley,8,2021-07-23
Southern Okanagan,2,2021-07-23
Penticton,0,2021-07-23
Keremeos,0,2021-07-23
Princeton,0,2021-07-23
Armstrong/Spallumcheen,1,2021-07-23
Vernon,2,2021-07-23
Central Okanagan,6,2021-07-23
Summerland,6,2021-07-23
Enderby,2,2021-07-23
Revelstoke,0,2021-07-23
Salmon Arm,1,2021-07-23
Kamloops,2,2021-07-23
100 Mile House,0,2021-07-23
North Thompson,0,2021-07-23
Cariboo/Chilcotin,0,2021-07-23
Lillooet,0,2021-07-23
South Cariboo,0,2021-07-23
Merritt,0,2021-07-23
Hope,2,2021-07-23
Chilliwack,1,2021-07-23
Abbotsford,1,2021-07-23
Mission,1,2021-07-23
Agassiz/Harrison,1,2021-07-23
New Westminster,0,2021-07-23
Burnaby,1,2021-07-23
Maple Ridge/Pitt Meadows,3,2021-07-23
Tri-Cities,1,2021-07-23
Langley,1,2021-07-23
Delta,1,2021-07-23
Surrey,1,2021-07-23
South Surrey/White Rock,1,2021-07-23
Richmond,1,2021-07-23
Vancouver - City Centre,2,2021-07-23
Vancouver - Centre North,2,2021-07-23
Vancouver - Northeast,1,2021-07-23
Vancouver - Westside,0,2021-07-23
Vancouver - Midtown,1,2021-07-23
Vancouver - South,1,2021-07-23
North Vancouver,1,2021-07-23
West Vancouver/Bowen Island,3,2021-07-23
Sunshine Coast,0,2021-07-23
Powell River,0,2021-07-23
Howe Sound,0,2021-07-23
Bella Coola Valley,0,2021-07-23
Central Coast,0,2021-07-23
Greater Victoria,0,2021-07-23
Western Communities,1,2021-07-23
Saanich Peninsula,0,2021-07-23
Southern Gulf Islands,0,2021-07-23
Cowichan Valley South,0,2021-07-23
Cowichan Valley West,0,2021-07-23
Cowichan Valley North,0,2021-07-23
Greater Nanaimo,0,2021-07-23
Oceanside,0,2021-07-23
Alberni/Clayoquot,0,2021-07-23
Comox Valley,0,2021-07-23
Greater Campbell River,0,2021-07-23
Vancouver Island West,0,2021-07-23
Vancouver Island North,0,2021-07-23
Haida Gwaii,0,2021-07-23
Prince Rupert,0,2021-07-23
Upper Skeena,0,2021-07-23
Smithers,0,2021-07-23
Kitimat,2,2021-07-23
Terrace,0,2021-07-23
Nisga'a,0,2021-07-23
Quesnel,0,2021-07-23
Burns Lake,2,2021-07-23
Nechako,1,2021-07-23
Prince George,1,2021-07-23
Peace River South,1,2021-07-23
Peace River North,1,2021-07-23
Fort Nelson,0,2021-07-23
Snow Country - Stikine - Telegraph Creek,0,2021-07-23
Fernie,0,2021-07-27
Cranbrook,1,2021-07-27
Kimberley,5,2021-07-27
Windermere,1,2021-07-27
Creston,0,2021-07-27
Golden,0,2021-07-27
Kootenay Lake,15,2021-07-27
Nelson,9,2021-07-27
Castlegar,24,2021-07-27
Arrow Lakes,0,2021-07-27
Trail,6,2021-07-27
Grand Forks,0,2021-07-27
Kettle Valley,0,2021-07-27
Southern Okanagan,1,2021-07-27
Penticton,1,2021-07-27
Keremeos,0,2021-07-27
Princeton,0,2021-07-27
Armstrong/Spallumcheen,0,2021-07-27
Vernon,6,2021-07-27
Central Okanagan,15,2021-07-27
Summerland,6,2021-07-27
Enderby,3,2021-07-27
Revelstoke,1,2021-07-27
Salmon Arm,3,2021-07-27
Kamloops,3,2021-07-27
100 Mile House,0,2021-07-27
North Thompson,0,2021-07-27
Cariboo/Chilcotin,0,2021-07-27
Lillooet,0,2021-07-27
South Cariboo,0,2021-07-27
Merritt,1,2021-07-27
Hope,0,2021-07-27
Chilliwack,2,2021-07-27
Abbotsford,1,2021-07-27
Mission,2,2021-07-27
Agassiz/Harrison,1,2021-07-27
New Westminster,0,2021-07-27
Burnaby,1,2021-07-27
Maple Ridge/Pitt Meadows,3,2021-07-27
Tri-Cities,1,2021-07-27
Langley,1,2021-07-27
Delta,1,2021-07-27
Surrey,1,2021-07-27
South Surrey/White Rock,2,2021-07-27
Richmond,1,2021-07-27
Vancouver - City Centre,2,2021-07-27
Vancouver - Centre North,1,2021-07-27
Vancouver - Northeast,1,2021-07-27
Vancouver - Westside,1,2021-07-27
Vancouver - Midtown,1,2021-07-27
Vancouver - South,1,2021-07-27
North Vancouver,1,2021-07-27
West Vancouver/Bowen Island,2,2021-07-27
Sunshine Coast,0,2021-07-27
Powell River,1,2021-07-27
Howe Sound,1,2021-07-27
Bella Coola Valley,0,2021-07-27
Central Coast,0,2021-07-27
Greater Victoria,0,2021-07-27
Western Communities,2,2021-07-27
Saanich Peninsula,0,2021-07-27
Southern Gulf Islands,0,2021-07-27
Cowichan Valley South,0,2021-07-27
Cowichan Valley West,0,2021-07-27
Cowichan Valley North,0,2021-07-27
Greater Nanaimo,1,2021-07-27
Oceanside,0,2021-07-27
Alberni/Clayoquot,0,2021-07-27
Comox Valley,0,2021-07-27
Greater Campbell River,0,2021-07-27
Vancouver Island West,0,2021-07-27
Vancouver Island North,0,2021-07-27
Haida Gwaii,0,2021-07-27
Prince Rupert,0,2021-07-27
Upper Skeena,0,2021-07-27
Smithers,0,2021-07-27
Kitimat,5,2021-07-27
Terrace,0,2021-07-27
Nisga'a,0,2021-07-27
Quesnel,0,2021-07-27
Burns Lake,2,2021-07-27
Nechako,0,2021-07-27
Prince George,1,2021-07-27
Peace River South,1,2021-07-27
Peace River North,0,2021-07-27
Fort Nelson,4,2021-07-27
Snow Country - Stikine - Telegraph Creek,0,2021-07-27
Fernie,2,2021-07-30
Cranbrook,7,2021-07-30
Kimberley,8,2021-07-30
Windermere,1,2021-07-30
Creston,0,2021-07-30
Golden,2,2021-07-30
Kootenay Lake,4,2021-07-30
Nelson,16,2021-07-30
Castlegar,17,2021-07-30
Arrow Lakes,8,2021-07-30
Trail,8,2021-07-30
Grand Forks,0,2021-07-30
Kettle Valley,0,2021-07-30
Southern Okanagan,1,2021-07-30
Penticton,2,2021-07-30
Keremeos,0,2021-07-30
Princeton,0,2021-07-30
Armstrong/Spallumcheen,6,2021-07-30
Vernon,9,2021-07-30
Central Okanagan,24,2021-07-30
Summerland,2,2021-07-30
Enderby,9,2021-07-30
Revelstoke,4,2021-07-30
Salmon Arm,5,2021-07-30
Kamloops,4,2021-07-30
100 Mile House,0,2021-07-30
North Thompson,3,2021-07-30
Cariboo/Chilcotin,0,2021-07-30
Lillooet,3,2021-07-30
South Cariboo,0,2021-07-30
Merritt,0,2021-07-30
Hope,2,2021-07-30
Chilliwack,3,2021-07-30
Abbotsford,2,2021-07-30
Mission,4,2021-07-30
Agassiz/Harrison,1,2021-07-30
New Westminster,1,2021-07-30
Burnaby,2,2021-07-30
Maple Ridge/Pitt Meadows,3,2021-07-30
Tri-Cities,1,2021-07-30
Langley,2,2021-07-30
Delta,1,2021-07-30
Surrey,1,2021-07-30
South Surrey/White Rock,1,2021-07-30
Richmond,1,2021-07-30
Vancouver - City Centre,3,2021-07-30
Vancouver - Centre North,1,2021-07-30
Vancouver - Northeast,1,2021-07-30
Vancouver - Westside,3,2021-07-30
Vancouver - Midtown,1,2021-07-30
Vancouver - South,2,2021-07-30
North Vancouver,2,2021-07-30
West Vancouver/Bowen Island,1,2021-07-30
Sunshine Coast,0,2021-07-30
Powell River,1,2021-07-30
Howe Sound,1,2021-07-30
Bella Coola Valley,0,2021-07-30
Central Coast,0,2021-07-30
Greater Victoria,1,2021-07-30
Western Communities,2,2021-07-30
Saanich Peninsula,1,2021-07-30
Southern Gulf Islands,0,2021-07-30
Cowichan Valley South,2,2021-07-30
Cowichan Valley West,0,2021-07-30
Cowichan Valley North,1,2021-07-30
Greater Nanaimo,1,2021-07-30
Oceanside,0,2021-07-30
Alberni/Clayoquot,0,2021-07-30
Comox Valley,0,2021-07-30
Greater Campbell River,1,2021-07-30
Vancouver Island West,0,2021-07-30
Vancouver Island North,0,2021-07-30
Haida Gwaii,0,2021-07-30
Prince Rupert,0,2021-07-30
Upper Skeena,0,2021-07-30
Smithers,0,2021-07-30
Kitimat,5,2021-07-30
Terrace,1,2021-07-30
Nisga'a,0,2021-07-30
Quesnel,0,2021-07-30
Burns Lake,0,2021-07-30
Nechako,0,2021-07-30
Prince George,1,2021-07-30
Peace River South,1,2021-07-30
Peace River North,1,2021-07-30
Fort Nelson,7,2021-07-30
Snow Country - Stikine - Telegraph Creek,26,2021-07-30
Fernie,2,2021-08-03
Cranbrook,9,2021-08-03
Kimberley,5,2021-08-03
Windermere,0,2021-08-03
Creston,1,2021-08-03
Golden,0,2021-08-03
Kootenay Lake,0,2021-08-03
Nelson,19,2021-08-03
Castlegar,11,2021-08-03
Arrow Lakes,17,2021-08-03
Trail,5,2021-08-03
Grand Forks,0,2021-08-03
Kettle Valley,0,2021-08-03
Southern Okanagan,3,2021-08-03
Penticton,3,2021-08-03
Keremeos,0,2021-08-03
Princeton,2,2021-08-03
Armstrong/Spallumcheen,16,2021-08-03
Vernon,11,2021-08-03
Central Okanagan,32,2021-08-03
Summerland,3,2021-08-03
Enderby,12,2021-08-03
Revelstoke,5,2021-08-03
Salmon Arm,8,2021-08-03
Kamloops,3,2021-08-03
100 Mile House,0,2021-08-03
North Thompson,3,2021-08-03
Cariboo/Chilcotin,2,2021-08-03
Lillooet,3,2021-08-03
South Cariboo,0,2021-08-03
Merritt,1,2021-08-03
Hope,3,2021-08-03
Chilliwack,5,2021-08-03
Abbotsford,3,2021-08-03
Mission,6,2021-08-03
Agassiz/Harrison,1,2021-08-03
New Westminster,1,2021-08-03
Burnaby,3,2021-08-03
Maple Ridge/Pitt Meadows,2,2021-08-03
Tri-Cities,1,2021-08-03
Langley,4,2021-08-03
Delta,1,2021-08-03
Surrey,2,2021-08-03
South Surrey/White Rock,2,2021-08-03
Richmond,1,2021-08-03
Vancouver - City Centre,4,2021-08-03
Vancouver - Centre North,2,2021-08-03
Vancouver - Northeast,3,2021-08-03
Vancouver - Westside,4,2021-08-03
Vancouver - Midtown,2,2021-08-03
Vancouver - South,2,2021-08-03
North Vancouver,2,2021-08-03
West Vancouver/Bowen Island,2,2021-08-03
Sunshine Coast,1,2021-08-03
Powell River,1,2021-08-03
Howe Sound,1,2021-08-03
Bella Coola Valley,0,2021-08-03
Central Coast,0,2021-08-03
Greater Victoria,1,2021-08-03
Western Communities,2,2021-08-03
Saanich Peninsula,1,2021-08-03
Southern Gulf Islands,0,2021-08-03
Cowichan Valley South,3,2021-08-03
Cowichan Valley West,0,2021-08-03
Cowichan Valley North,1,2021-08-03
Greater Nanaimo,1,2021-08-03
Oceanside,1,2021-08-03
Alberni/Clayoquot,2,2021-08-03
Comox Valley,1,2021-08-03
Greater Campbell River,1,2021-08-03
Vancouver Island West,0,2021-08-03
Vancouver Island North,0,2021-08-03
Haida Gwaii,3,2021-08-03
Prince Rupert,0,2021-08-03
Upper Skeena,0,2021-08-03
Smithers,0,2021-08-03
Kitimat,3,2021-08-03
Terrace,1,2021-08-03
Nisga'a,0,2021-08-03
Quesnel,1,2021-08-03
Burns Lake,2,2021-08-03
Nechako,6,2021-08-03
Prince George,2,2021-08-03
Peace River South,3,2021-08-03
Peace River North,1,2021-08-03
Fort Nelson,4,2021-08-03
Snow Country - Stikine - Telegraph Creek,20,2021-08-03
Fernie,5,2021-08-06
Cranbrook,10,2021-08-06
Kimberley,1,2021-08-06
Windermere,1,2021-08-06
Creston,6,2021-08-06
Golden,2,2021-08-06
Kootenay Lake,0,2021-08-06
Nelson,26,2021-08-06
Castlegar,24,2021-08-06
Arrow Lakes,22,2021-08-06
Trail,3,2021-08-06
Grand Forks,3,2021-08-06
Kettle Valley,0,2021-08-06
Southern Okanagan,4,2021-08-06
Penticton,6,2021-08-06
Keremeos,5,2021-08-06
Princeton,2,2021-08-06
Armstrong/Spallumcheen,14,2021-08-06
Vernon,17,2021-08-06
Central Okanagan,44,2021-08-06
Summerland,3,2021-08-06
Enderby,17,2021-08-06
Revelstoke,15,2021-08-06
Salmon Arm,10,2021-08-06
Kamloops,5,2021-08-06
100 Mile House,0,2021-08-06
North Thompson,0,2021-08-06
Cariboo/Chilcotin,4,2021-08-06
Lillooet,3,2021-08-06
South Cariboo,0,2021-08-06
Merritt,5,2021-08-06
Hope,5,2021-08-06
Chilliwack,5,2021-08-06
Abbotsford,3,2021-08-06
Mission,5,2021-08-06
Agassiz/Harrison,3,2021-08-06
New Westminster,3,2021-08-06
Burnaby,4,2021-08-06
Maple Ridge/Pitt Meadows,2,2021-08-06
Tri-Cities,2,2021-08-06
Langley,4,2021-08-06
Delta,1,2021-08-06
Surrey,2,2021-08-06
South Surrey/White Rock,3,2021-08-06
Richmond,3,2021-08-06
Vancouver - City Centre,5,2021-08-06
Vancouver - Centre North,4,2021-08-06
Vancouver - Northeast,3,2021-08-06
Vancouver - Westside,4,2021-08-06
Vancouver - Midtown,3,2021-08-06
Vancouver - South,3,2021-08-06
North Vancouver,3,2021-08-06
West Vancouver/Bowen Island,3,2021-08-06
Sunshine Coast,1,2021-08-06
Powell River,2,2021-08-06
Howe Sound,1,2021-08-06
Bella Coola Valley,0,2021-08-06
Central Coast,0,2021-08-06
Greater Victoria,3,2021-08-06
Western Communities,2,2021-08-06
Saanich Peninsula,1,2021-08-06
Southern Gulf Islands,0,2021-08-06
Cowichan Valley South,2,2021-08-06
Cowichan Valley West,0,2021-08-06
Cowichan Valley North,1,2021-08-06
Greater Nanaimo,3,2021-08-06
Oceanside,2,2021-08-06
Alberni/Clayoquot,3,2021-08-06
Comox Valley,1,2021-08-06
Greater Campbell River,1,2021-08-06
Vancouver Island West,0,2021-08-06
Vancouver Island North,1,2021-08-06
Haida Gwaii,3,2021-08-06
Prince Rupert,2,2021-08-06
Upper Skeena,3,2021-08-06
Smithers,0,2021-08-06
Kitimat,3,2021-08-06
Terrace,2,2021-08-06
Nisga'a,0,2021-08-06
Quesnel,2,2021-08-06
Burns Lake,7,2021-08-06
Nechako,22,2021-08-06
Prince George,4,2021-08-06
Peace River South,3,2021-08-06
Peace River North,2,2021-08-06
Fort Nelson,4,2021-08-06
Snow Country - Stikine - Telegraph Creek,0,2021-08-06
Fernie,14,2021-08-10
Cranbrook,12,2021-08-10
Kimberley,4,2021-08-10
Windermere,3,2021-08-10
Creston,28,2021-08-10
Golden,7,2021-08-10
Kootenay Lake,0,2021-08-10
Nelson,45,2021-08-10
Castlegar,30,2021-08-10
Arrow Lakes,20,2021-08-10
Trail,8,2021-08-10
Grand Forks,9,2021-08-10
Kettle Valley,4,2021-08-10
Southern Okanagan,6,2021-08-10
Penticton,6,2021-08-10
Keremeos,10,2021-08-10
Princeton,0,2021-08-10
Armstrong/Spallumcheen,16,2021-08-10
Vernon,19,2021-08-10
Central Okanagan,57,2021-08-10
Summerland,6,2021-08-10
Enderby,24,2021-08-10
Revelstoke,24,2021-08-10
Salmon Arm,10,2021-08-10
Kamloops,7,2021-08-10
100 Mile House,2,2021-08-10
North Thompson,7,2021-08-10
Cariboo/Chilcotin,4,2021-08-10
Lillooet,3,2021-08-10
South Cariboo,0,2021-08-10
Merritt,7,2021-08-10
Hope,13,2021-08-10
Chilliwack,7,2021-08-10
Abbotsford,4,2021-08-10
Mission,8,2021-08-10
Agassiz/Harrison,1,2021-08-10
New Westminster,5,2021-08-10
Burnaby,3,2021-08-10
Maple Ridge/Pitt Meadows,3,2021-08-10
Tri-Cities,3,2021-08-10
Langley,6,2021-08-10
Delta,4,2021-08-10
Surrey,3,2021-08-10
South Surrey/White Rock,7,2021-08-10
Richmond,3,2021-08-10
Vancouver - City Centre,6,2021-08-10
Vancouver - Centre North,7,2021-08-10
Vancouver - Northeast,4,2021-08-10
Vancouver - Westside,4,2021-08-10
Vancouver - Midtown,3,2021-08-10
Vancouver - South,4,2021-08-10
North Vancouver,4,2021-08-10
West Vancouver/Bowen Island,2,2021-08-10
Sunshine Coast,2,2021-08-10
Powell River,3,2021-08-10
Howe Sound,1,2021-08-10
Bella Coola Valley,0,2021-08-10
Central Coast,0,2021-08-10
Greater Victoria,3,2021-08-10
Western Communities,4,2021-08-10
Saanich Peninsula,1,2021-08-10
Southern Gulf Islands,1,2021-08-10
Cowichan Valley South,3,2021-08-10
Cowichan Valley West,0,2021-08-10
Cowichan Valley North,1,2021-08-10
Greater Nanaimo,4,2021-08-10
Oceanside,3,2021-08-10
Alberni/Clayoquot,4,2021-08-10
Comox Valley,1,2021-08-10
Greater Campbell River,3,2021-08-10
Vancouver Island West,0,2021-08-10
Vancouver Island North,0,2021-08-10
Haida Gwaii,0,2021-08-10
Prince Rupert,2,2021-08-10
Upper Skeena,3,2021-08-10
Smithers,3,2021-08-10
Kitimat,2,2021-08-10
Terrace,4,2021-08-10
Nisga'a,0,2021-08-10
Quesnel,4,2021-08-10
Burns Lake,7,2021-08-10
Nechako,21,2021-08-10
Prince George,5,2021-08-10
Peace River South,3,2021-08-10
Peace River North,6,2021-08-10
Fort Nelson,0,2021-08-10
Snow Country - Stikine - Telegraph Creek,7,2021-08-10
Fernie,14,2021-08-13
Cranbrook,15,2021-08-13
Kimberley,14,2021-08-13
Windermere,1,2021-08-13
Creston,48,2021-08-13
Golden,18,2021-08-13
Kootenay Lake,8,2021-08-13
Nelson,58,2021-08-13
Castlegar,34,2021-08-13
Arrow Lakes,25,2021-08-13
Trail,12,2021-08-13
Grand Forks,13,2021-08-13
Kettle Valley,4,2021-08-13
Southern Okanagan,7,2021-08-13
Penticton,9,2021-08-13
Keremeos,12,2021-08-13
Princeton,5,2021-08-13
Armstrong/Spallumcheen,16,2021-08-13
Vernon,19,2021-08-13
Central Okanagan,62,2021-08-13
Summerland,10,2021-08-13
Enderby,24,2021-08-13
Revelstoke,37,2021-08-13
Salmon Arm,15,2021-08-13
Kamloops,9,2021-08-13
100 Mile House,5,2021-08-13
North Thompson,7,2021-08-13
Cariboo/Chilcotin,11,2021-08-13
Lillooet,0,2021-08-13
South Cariboo,8,2021-08-13
Merritt,10,2021-08-13
Hope,24,2021-08-13
Chilliwack,8,2021-08-13
Abbotsford,6,2021-08-13
Mission,13,2021-08-13
Agassiz/Harrison,0,2021-08-13
New Westminster,5,2021-08-13
Burnaby,4,2021-08-13
Maple Ridge/Pitt Meadows,6,2021-08-13
Tri-Cities,4,2021-08-13
Langley,7,2021-08-13
Delta,6,2021-08-13
Surrey,4,2021-08-13
South Surrey/White Rock,8,2021-08-13
Richmond,4,2021-08-13
Vancouver - City Centre,10,2021-08-13
Vancouver - Centre North,11,2021-08-13
Vancouver - Northeast,6,2021-08-13
Vancouver - Westside,6,2021-08-13
Vancouver - Midtown,4,2021-08-13
Vancouver - South,5,2021-08-13
North Vancouver,5,2021-08-13
West Vancouver/Bowen Island,2,2021-08-13
Sunshine Coast,1,2021-08-13
Powell River,3,2021-08-13
Howe Sound,6,2021-08-13
Bella Coola Valley,0,2021-08-13
Central Coast,0,2021-08-13
Greater Victoria,3,2021-08-13
Western Communities,6,2021-08-13
Saanich Peninsula,3,2021-08-13
Southern Gulf Islands,1,2021-08-13
Cowichan Valley South,3,2021-08-13
Cowichan Valley West,0,2021-08-13
Cowichan Valley North,2,2021-08-13
Greater Nanaimo,2,2021-08-13
Oceanside,2,2021-08-13
Alberni/Clayoquot,6,2021-08-13
Comox Valley,1,2021-08-13
Greater Campbell River,3,2021-08-13
Vancouver Island West,0,2021-08-13
Vancouver Island North,1,2021-08-13
Haida Gwaii,0,2021-08-13
Prince Rupert,0,2021-08-13
Upper Skeena,0,2021-08-13
Smithers,3,2021-08-13
Kitimat,18,2021-08-13
Terrace,3,2021-08-13
Nisga'a,0,2021-08-13
Quesnel,6,2021-08-13
Burns Lake,5,2021-08-13
Nechako,33,2021-08-13
Prince George,6,2021-08-13
Peace River South,6,2021-08-13
Peace River North,7,2021-08-13
Fort Nelson,0,2021-08-13
Snow Country - Stikine - Telegraph Creek,13,2021-08-13
Fernie,14,2021-08-17
Cranbrook,15,2021-08-17
Kimberley,16,2021-08-17
Windermere,1,2021-08-17
Creston,48,2021-08-17
Golden,28,2021-08-17
Kootenay Lake,11,2021-08-17
Nelson,75,2021-08-17
Castlegar,32,2021-08-17
Arrow Lakes,22,2021-08-17
Trail,18,2021-08-17
Grand Forks,14,2021-08-17
Kettle Valley,11,2021-08-17
Southern Okanagan,7,2021-08-17
Penticton,13,2021-08-17
Keremeos,25,2021-08-17
Princeton,9,2021-08-17
Armstrong/Spallumcheen,15,2021-08-17
Vernon,22,2021-08-17
Central Okanagan,59,2021-08-17
Summerland,7,2021-08-17
Enderby,28,2021-08-17
Revelstoke,47,2021-08-17
Salmon Arm,23,2021-08-17
Kamloops,15,2021-08-17
100 Mile House,5,2021-08-17
North Thompson,7,2021-08-17
Cariboo/Chilcotin,27,2021-08-17
Lillooet,0,2021-08-17
South Cariboo,12,2021-08-17
Merritt,19,2021-08-17
Hope,21,2021-08-17
Chilliwack,7,2021-08-17
Abbotsford,7,2021-08-17
Mission,11,2021-08-17
Agassiz/Harrison,0,2021-08-17
New Westminster,6,2021-08-17
Burnaby,6,2021-08-17
Maple Ridge/Pitt Meadows,8,2021-08-17
Tri-Cities,6,2021-08-17
Langley,7,2021-08-17
Delta,5,2021-08-17
Surrey,5,2021-08-17
South Surrey/White Rock,6,2021-08-17
Richmond,4,2021-08-17
Vancouver - City Centre,12,2021-08-17
Vancouver - Centre North,14,2021-08-17
Vancouver - Northeast,8,2021-08-17
Vancouver - Westside,6,2021-08-17
Vancouver - Midtown,6,2021-08-17
Vancouver - South,5,2021-08-17
North Vancouver,6,2021-08-17
West Vancouver/Bowen Island,3,2021-08-17
Sunshine Coast,1,2021-08-17
Powell River,2,2021-08-17
Howe Sound,9,2021-08-17
Bella Coola Valley,0,2021-08-17
Central Coast,0,2021-08-17
Greater Victoria,4,2021-08-17
Western Communities,7,2021-08-17
Saanich Peninsula,3,2021-08-17
Southern Gulf Islands,5,2021-08-17
Cowichan Valley South,4,2021-08-17
Cowichan Valley West,2,2021-08-17
Cowichan Valley North,2,2021-08-17
Greater Nanaimo,3,2021-08-17
Oceanside,3,2021-08-17
Alberni/Clayoquot,6,2021-08-17
Comox Valley,4,2021-08-17
Greater Campbell River,1,2021-08-17
Vancouver Island West,0,2021-08-17
Vancouver Island North,3,2021-08-17
Haida Gwaii,3,2021-08-17
Prince Rupert,0,2021-08-17
Upper Skeena,3,2021-08-17
Smithers,0,2021-08-17
Kitimat,32,2021-08-17
Terrace,2,2021-08-17
Nisga'a,0,2021-08-17
Quesnel,10,2021-08-17
Burns Lake,2,2021-08-17
Nechako,48,2021-08-17
Prince George,9,2021-08-17
Peace River South,14,2021-08-17
Peace River North,9,2021-08-17
Fort Nelson,4,2021-08-17
Snow Country - Stikine - Telegraph Creek,7,2021-08-17
Fernie,13,2021-08-20
Cranbrook,16,2021-08-20
Kimberley,21,2021-08-20
Windermere,1,2021-08-20
Creston,58,2021-08-20
Golden,23,2021-08-20
Kootenay Lake,4,2021-08-20
Nelson,74,2021-08-20
Castlegar,24,2021-08-20
Arrow Lakes,17,2021-08-20
Trail,19,2021-08-20
Grand Forks,17,2021-08-20
Kettle Valley,15,2021-08-20
Southern Okanagan,6,2021-08-20
Penticton,12,2021-08-20
Keremeos,37,2021-08-20
Princeton,9,2021-08-20
Armstrong/Spallumcheen,18,2021-08-20
Vernon,22,2021-08-20
Central Okanagan,49,2021-08-20
Summerland,2,2021-08-20
Enderby,31,2021-08-20
Revelstoke,33,2021-08-20
Salmon Arm,23,2021-08-20
Kamloops,19,2021-08-20
100 Mile House,6,2021-08-20
North Thompson,13,2021-08-20
Cariboo/Chilcotin,31,2021-08-20
Lillooet,0,2021-08-20
South Cariboo,6,2021-08-20
Merritt,19,2021-08-20
Hope,19,2021-08-20
Chilliwack,10,2021-08-20
Abbotsford,6,2021-08-20
Mission,10,2021-08-20
Agassiz/Harrison,3,2021-08-20
New Westminster,7,2021-08-20
Burnaby,8,2021-08-20
Maple Ridge/Pitt Meadows,7,2021-08-20
Tri-Cities,8,2021-08-20
Langley,9,2021-08-20
Delta,5,2021-08-20
Surrey,6,2021-08-20
South Surrey/White Rock,6,2021-08-20
Richmond,4,2021-08-20
Vancouver - City Centre,13,2021-08-20
Vancouver - Centre North,17,2021-08-20
Vancouver - Northeast,9,2021-08-20
Vancouver - Westside,5,2021-08-20
Vancouver - Midtown,9,2021-08-20
Vancouver - South,5,2021-08-20
North Vancouver,6,2021-08-20
West Vancouver/Bowen Island,5,2021-08-20
Sunshine Coast,3,2021-08-20
Powell River,0,2021-08-20
Howe Sound,5,2021-08-20
Bella Coola Valley,18,2021-08-20
Central Coast,0,2021-08-20
Greater Victoria,4,2021-08-20
Western Communities,6,2021-08-20
Saanich Peninsula,2,2021-08-20
Southern Gulf Islands,4,2021-08-20
Cowichan Valley South,4,2021-08-20
Cowichan Valley West,2,2021-08-20
Cowichan Valley North,3,2021-08-20
Greater Nanaimo,4,2021-08-20
Oceanside,5,2021-08-20
Alberni/Clayoquot,10,2021-08-20
Comox Valley,7,2021-08-20
Greater Campbell River,1,2021-08-20
Vancouver Island West,0,2021-08-20
Vancouver Island North,3,2021-08-20
Haida Gwaii,9,2021-08-20
Prince Rupert,1,2021-08-20
Upper Skeena,3,2021-08-20
Smithers,2,2021-08-20
Kitimat,20,2021-08-20
Terrace,3,2021-08-20
Nisga'a,0,2021-08-20
Quesnel,6,2021-08-20
Burns Lake,0,2021-08-20
Nechako,42,2021-08-20
Prince George,8,2021-08-20
Peace River South,17,2021-08-20
Peace River North,11,2021-08-20
Fort Nelson,18,2021-08-20
Snow Country - Stikine - Telegraph Creek,0,2021-08-20
